id,col,diff_rel,from,to
0,Cour_H Beam1X-East,0.6793690538,-10.0,-3.2063094619999997
